User name,AWS access key,Event time,Event source,Event name,AWS region,Source IP address,User agent,Error code,Resources,Request ID,Event ID,Read-only,Event type,Recipient Account Id,Event category
CloudTrail,ASIAXUOQHHIXW5RNDF2F,2021-03-03T06:53:15Z,s3.amazonaws.com,CreateBucket,us-east-1,67.169.69.233,"[S3Console/0.4, aws-internal/3 aws-sdk-java/1.11.920 Linux/4.9.230-0.1.ac.223.84.332.metal1.x86_64 OpenJDK_64-Bit_Server_VM/25.275-b01 java/1.8.0_275 vendor/Oracle_Corporation]",AccessDenied,"[{""resourceType"":""AWS::S3::Bucket"",""resourceName"":""test-udacity-cloud-trail""}]",0C3BBEA4F6BED6CB,405bb2a7-c5ab-4185-9d7e-c6d04facb363,FALSE,AwsApiCall,524959562287,Management
CloudTrail,ASIAXUOQHHIXYGWL4NMH,2021-03-03T06:50:42Z,cloudtrail.amazonaws.com,PutEventSelectors,us-east-1,67.169.69.233,console.amazonaws.com,,"[{""resourceType"":""AWS::CloudTrail::Trail"",""resourceName"":""Udacity_Trail""},{""resourceType"":""AWS::CloudTrail::Trail"",""resourceName"":""arn:aws:cloudtrail:us-east-1:524959562287:trail/Udacity_Trail""}]",d3e6b48a-f837-4fad-b722-cbb3bd285357,42e138c0-de9c-4ffd-a845-96f3ba9b4808,FALSE,AwsApiCall,524959562287,Management
CloudTrail,ASIAXUOQHHIXYGWL4NMH,2021-03-03T06:50:42Z,cloudtrail.amazonaws.com,CreateTrail,us-east-1,67.169.69.233,console.amazonaws.com,,"[{""resourceType"":""AWS::CloudTrail::Trail"",""resourceName"":""Udacity_Trail""},{""resourceType"":""AWS::CloudTrail::Trail"",""resourceName"":""arn:aws:cloudtrail:us-east-1:524959562287:trail/Udacity_Trail""},{""resourceType"":""AWS::S3::Bucket"",""resourceName"":""aws-cloudtrail-logs-524959562287-350acbc6""},{""resourceType"":""AWS::KMS::Key"",""resourceName"":""arn:aws:kms:us-east-1:524959562287:key/b4d2d6b0-9614-4a26-831b-eb1e42d3b26e""}]",6f0ecacc-09b5-4a4b-8d75-6066ed3dc9f4,4ea3a7b4-64a9-42bb-bdaf-990ddeb01a78,FALSE,AwsApiCall,524959562287,Management
CloudTrail,ASIAXUOQHHIXYGWL4NMH,2021-03-03T06:50:42Z,cloudtrail.amazonaws.com,PutInsightSelectors,us-east-1,67.169.69.233,console.amazonaws.com,,"[{""resourceType"":""AWS::CloudTrail::Trail"",""resourceName"":""Udacity_Trail""},{""resourceType"":""AWS::CloudTrail::Trail"",""resourceName"":""arn:aws:cloudtrail:us-east-1:524959562287:trail/Udacity_Trail""}]",250e3465-212a-4f1a-a79c-3e28d8e45351,6a3bc654-7de8-4ec6-aa34-25230c048088,FALSE,AwsApiCall,524959562287,Management
CloudTrail,ASIAXUOQHHIXYGWL4NMH,2021-03-03T06:50:42Z,cloudtrail.amazonaws.com,StartLogging,us-east-1,67.169.69.233,console.amazonaws.com,,"[{""resourceType"":""AWS::CloudTrail::Trail"",""resourceName"":""Udacity_Trail""}]",8b780548-f4a1-4bb3-8c95-f8f293dd6b3e,72e31646-62a6-4cf8-b7fc-4af470336133,FALSE,AwsApiCall,524959562287,Management
CloudTrail,ASIAXUOQHHIXYGWL4NMH,2021-03-03T06:50:41Z,s3.amazonaws.com,PutBucketPublicAccessBlock,us-east-1,67.169.69.233,"[AWSCloudTrail, aws-internal/3 aws-sdk-java/1.11.955 Linux/4.9.230-0.1.ac.223.84.332.metal1.x86_64 OpenJDK_64-Bit_Server_VM/25.282-b08 java/1.8.0_282 vendor/Oracle_Corporation]",,"[{""resourceType"":""AWS::S3::Bucket"",""resourceName"":""aws-cloudtrail-logs-524959562287-350acbc6""}]",B365EC84146A01F3,2969661d-9162-4c9f-abd2-0c0937d6004b,FALSE,AwsApiCall,524959562287,Management
CloudTrail,ASIAXUOQHHIXYGWL4NMH,2021-03-03T06:50:41Z,s3.amazonaws.com,CreateBucket,us-east-1,67.169.69.233,"[AWSCloudTrail, aws-internal/3 aws-sdk-java/1.11.955 Linux/4.9.230-0.1.ac.223.84.332.metal1.x86_64 OpenJDK_64-Bit_Server_VM/25.282-b08 java/1.8.0_282 vendor/Oracle_Corporation]",,"[{""resourceType"":""AWS::S3::Bucket"",""resourceName"":""aws-cloudtrail-logs-524959562287-350acbc6""}]",00A1070488EEB50E,50f3bf33-4c40-4457-800a-492b5e2c6b48,FALSE,AwsApiCall,524959562287,Management
CloudTrail,ASIAXUOQHHIXYGWL4NMH,2021-03-03T06:50:41Z,s3.amazonaws.com,PutBucketPolicy,us-east-1,67.169.69.233,"[AWSCloudTrail, aws-internal/3 aws-sdk-java/1.11.955 Linux/4.9.230-0.1.ac.223.84.332.metal1.x86_64 OpenJDK_64-Bit_Server_VM/25.282-b08 java/1.8.0_282 vendor/Oracle_Corporation]",,"[{""resourceType"":""AWS::S3::Bucket"",""resourceName"":""aws-cloudtrail-logs-524959562287-350acbc6""}]",9BE4D27B4AABBBDB,6bc8a913-c363-4e9f-88eb-c69ba2aeda86,FALSE,AwsApiCall,524959562287,Management
CloudTrail,ASIAXUOQHHIXYGWL4NMH,2021-03-03T06:50:41Z,kms.amazonaws.com,CreateAlias,us-east-1,67.169.69.233,"AWSCloudTrail, aws-internal/3 aws-sdk-java/1.11.955 Linux/4.9.230-0.1.ac.223.84.332.metal1.x86_64 OpenJDK_64-Bit_Server_VM/25.282-b08 java/1.8.0_282 vendor/Oracle_Corporation",,[],68a01945-c248-40be-8c5c-c527bcc8e063,c073ddb2-7946-4358-bfda-cfc424701179,FALSE,AwsApiCall,524959562287,Management
CloudTrail,ASIAXUOQHHIXYGWL4NMH,2021-03-03T06:50:41Z,kms.amazonaws.com,CreateKey,us-east-1,67.169.69.233,"AWSCloudTrail, aws-internal/3 aws-sdk-java/1.11.955 Linux/4.9.230-0.1.ac.223.84.332.metal1.x86_64 OpenJDK_64-Bit_Server_VM/25.282-b08 java/1.8.0_282 vendor/Oracle_Corporation",,"[{""resourceType"":""AWS::KMS::Key"",""resourceName"":""b4d2d6b0-9614-4a26-831b-eb1e42d3b26e""}]",10e81c75-31bc-4720-9a8f-909b8e94d760,d9669027-20a3-4140-818c-709d0838057f,FALSE,AwsApiCall,524959562287,Management
CloudTrail,,2021-03-03T06:48:18Z,signin.amazonaws.com,ConsoleLogin,us-east-1,67.169.69.233,"Mozilla/5.0 (Macintosh; Intel Mac OS X 10_15_5) AppleWebKit/537.36 (KHTML, like Gecko) Chrome/88.0.4324.96 Safari/537.36",,[],,c44146b6-4a50-4895-85ad-eb58846b093d,FALSE,AwsConsoleSignIn,524959562287,Management
Accountant,ASIAXUOQHHIXSQZIEBPJ,2021-03-03T06:47:20Z,iam.amazonaws.com,ChangePassword,us-east-1,AWS Internal,AWS Internal,,[],3e4e4496-5772-4015-ac32-aa7f7423816a,c5f3d422-b9e1-4fc2-b5e3-d8b3c57aec0c,FALSE,AwsApiCall,524959562287,Management
Accountant,,2021-03-03T06:46:52Z,signin.amazonaws.com,ConsoleLogin,us-east-1,67.169.69.233,"Mozilla/5.0 (Macintosh; Intel Mac OS X 10_15_5) AppleWebKit/537.36 (KHTML, like Gecko) Chrome/88.0.4324.96 Safari/537.36",,[],,83092332-7f88-4e5f-97ba-1f4d285bece7,FALSE,AwsConsoleSignIn,524959562287,Management
CloudTrail,ASIAXUOQHHIX5IVKSBOC,2021-03-03T06:46:00Z,iam.amazonaws.com,ChangePassword,us-east-1,AWS Internal,AWS Internal,,[],d301f8ad-6721-4ae9-83f1-6d3faf41cb01,797687a1-c9a5-4a6a-9f75-d4c9c4da3c40,FALSE,AwsApiCall,524959562287,Management
CloudTrail,,2021-03-03T06:45:13Z,signin.amazonaws.com,ConsoleLogin,us-east-1,67.169.69.233,"Mozilla/5.0 (Macintosh; Intel Mac OS X 10_15_5) AppleWebKit/537.36 (KHTML, like Gecko) Chrome/88.0.4324.96 Safari/537.36",,[],,ad459238-d691-4bd3-a815-6c9e655c9449,FALSE,AwsConsoleSignIn,524959562287,Management
rpandey89,ASIAXUOQHHIX4L2Q6BJQ,2021-03-03T06:43:45Z,iam.amazonaws.com,CreateLoginProfile,us-east-1,67.169.69.233,console.amazonaws.com,,"[{""resourceType"":""AWS::IAM::User"",""resourceName"":""Accountant""}]",01a46c89-79ed-46ec-9d48-db7928310521,45864271-8a16-4aa8-acd7-3475af18225f,FALSE,AwsApiCall,524959562287,Management
rpandey89,ASIAXUOQHHIX4L2Q6BJQ,2021-03-03T06:43:44Z,iam.amazonaws.com,AddUserToGroup,us-east-1,67.169.69.233,console.amazonaws.com,,"[{""resourceType"":""AWS::IAM::User"",""resourceName"":""Accountant""},{""resourceType"":""AWS::IAM::Group"",""resourceName"":""Reviewers""}]",150fc3cf-f918-4b7e-a117-f275d63b37ae,6ddb64f7-9f48-4290-a1a1-be8858372b6d,FALSE,AwsApiCall,524959562287,Management
rpandey89,ASIAXUOQHHIX4L2Q6BJQ,2021-03-03T06:43:44Z,iam.amazonaws.com,CreateUser,us-east-1,67.169.69.233,console.amazonaws.com,,"[{""resourceType"":""AWS::IAM::User"",""resourceName"":""AIDAXUOQHHIXRJZ6JXYHH""},{""resourceType"":""AWS::IAM::User"",""resourceName"":""Accountant""},{""resourceType"":""AWS::IAM::User"",""resourceName"":""arn:aws:iam::524959562287:user/Accountant""}]",8ea2073c-9006-49a5-a9bf-5202635f77f4,f73ab6e8-80f4-4d21-8a9f-443d1f5bb931,FALSE,AwsApiCall,524959562287,Management
rpandey89,ASIAXUOQHHIX4L2Q6BJQ,2021-03-03T06:42:25Z,iam.amazonaws.com,CreateLoginProfile,us-east-1,67.169.69.233,console.amazonaws.com,,"[{""resourceType"":""AWS::IAM::User"",""resourceName"":""CloudTrail""}]",870c6c9e-ef75-411a-b99f-8e98dfcbaf0d,b68efc30-28c4-4553-8fd9-368a3deec686,FALSE,AwsApiCall,524959562287,Management
rpandey89,ASIAXUOQHHIX4L2Q6BJQ,2021-03-03T06:42:24Z,iam.amazonaws.com,CreateUser,us-east-1,67.169.69.233,console.amazonaws.com,,"[{""resourceType"":""AWS::IAM::User"",""resourceName"":""CloudTrail""},{""resourceType"":""AWS::IAM::User"",""resourceName"":""AIDAXUOQHHIXULDZFQS35""},{""resourceType"":""AWS::IAM::User"",""resourceName"":""arn:aws:iam::524959562287:user/CloudTrail""}]",fa1d0dd5-87ba-4173-afb1-acb604ebd3f0,22cf6cb7-70e5-47f1-af35-8a35d534fb92,FALSE,AwsApiCall,524959562287,Management
rpandey89,ASIAXUOQHHIX4L2Q6BJQ,2021-03-03T06:42:24Z,iam.amazonaws.com,AddUserToGroup,us-east-1,67.169.69.233,console.amazonaws.com,,"[{""resourceType"":""AWS::IAM::User"",""resourceName"":""CloudTrail""},{""resourceType"":""AWS::IAM::Group"",""resourceName"":""CloudTrailAdmins""}]",aabcabd0-d789-45e0-9d88-3fde1a523628,3544477e-12ea-4158-bb41-9b1d86d0f8ca,FALSE,AwsApiCall,524959562287,Management
rpandey89,ASIAXUOQHHIX4L2Q6BJQ,2021-03-03T06:40:51Z,iam.amazonaws.com,CreateGroup,us-east-1,67.169.69.233,console.amazonaws.com,,"[{""resourceType"":""AWS::IAM::Group"",""resourceName"":""Reviewers""},{""resourceType"":""AWS::IAM::Group"",""resourceName"":""arn:aws:iam::524959562287:group/Reviewers""},{""resourceType"":""AWS::IAM::Group"",""resourceName"":""AGPAXUOQHHIXQHX2JGYXO""}]",02f7fce8-2cbc-4d78-9e87-e79a3d63bc97,0e6570a3-ae76-4667-8f92-5b5ff9e4c76c,FALSE,AwsApiCall,524959562287,Management
rpandey89,ASIAXUOQHHIX4L2Q6BJQ,2021-03-03T06:40:51Z,iam.amazonaws.com,AttachGroupPolicy,us-east-1,67.169.69.233,console.amazonaws.com,,"[{""resourceType"":""AWS::IAM::Policy"",""resourceName"":""arn:aws:iam::aws:policy/job-function/Billing""},{""resourceType"":""AWS::IAM::Group"",""resourceName"":""Reviewers""}]",b3e2ca5b-0049-4b17-87f1-cdafa75cb275,f369cd9b-5cb4-4d59-9ab3-ff91aed647ec,FALSE,AwsApiCall,524959562287,Management
rpandey89,ASIAXUOQHHIX4L2Q6BJQ,2021-03-03T06:39:08Z,iam.amazonaws.com,AttachGroupPolicy,us-east-1,67.169.69.233,console.amazonaws.com,,"[{""resourceType"":""AWS::IAM::Policy"",""resourceName"":""arn:aws:iam::aws:policy/AWSCloudTrail_FullAccess""},{""resourceType"":""AWS::IAM::Group"",""resourceName"":""CloudTrailAdmins""}]",25abbc81-e495-4775-8efd-35ecbf27fb81,3c03e2cd-2946-4826-91f0-af8d1938a9ca,FALSE,AwsApiCall,524959562287,Management
rpandey89,ASIAXUOQHHIX4L2Q6BJQ,2021-03-03T06:39:08Z,iam.amazonaws.com,AttachGroupPolicy,us-east-1,67.169.69.233,console.amazonaws.com,,"[{""resourceType"":""AWS::IAM::Policy"",""resourceName"":""arn:aws:iam::aws:policy/AWSCloudTrailReadOnlyAccess""},{""resourceType"":""AWS::IAM::Group"",""resourceName"":""CloudTrailAdmins""}]",c869002c-aa60-4672-b9e8-17d6596b2f39,49fb2cb5-775f-4a07-9cac-470fb6e13752,FALSE,AwsApiCall,524959562287,Management
rpandey89,ASIAXUOQHHIX4L2Q6BJQ,2021-03-03T06:39:08Z,iam.amazonaws.com,CreateGroup,us-east-1,67.169.69.233,console.amazonaws.com,,"[{""resourceType"":""AWS::IAM::Group"",""resourceName"":""arn:aws:iam::524959562287:group/CloudTrailAdmins""},{""resourceType"":""AWS::IAM::Group"",""resourceName"":""CloudTrailAdmins""},{""resourceType"":""AWS::IAM::Group"",""resourceName"":""AGPAXUOQHHIXWF3OX56PI""}]",a1601b17-edff-4874-81f7-c51e11d0b535,a2459bef-5b4d-4780-951e-3996dfaf6826,FALSE,AwsApiCall,524959562287,Management
rpandey89,ASIAXUOQHHIX4L2Q6BJQ,2021-03-03T06:37:05Z,iam.amazonaws.com,UpdateAccountPasswordPolicy,us-east-1,67.169.69.233,console.amazonaws.com,,[],d0a58f06-2b6d-4be5-bda3-dab225d79020,58d892c6-ea3e-40dc-8729-d0daada9d8cc,FALSE,AwsApiCall,524959562287,Management